relevancia,coherencia,fidelidad,comentario,query
2,7,3,"El texto se enfoca en grupos armados y sus crímenes, omitiendo el rol de actores civiles.",¿Qué papel tuvieron los actores civiles en el conflicto armado colombiano?
8,9,9,"El texto explica detalladamente las violaciones de derechos humanos y las infracciones al DIH que la Comisión investiga, así como su metodología y enfoque en la escucha de víctimas.",¿Cómo explica la Comisión las causas y responsabilidades de las violaciones de derechos humanos?
7,8,8,"El texto recuperado describe prácticas de trabajo forzado y castigos, pero no aborda directamente el reclutamiento forzado y secuestro como estrategias de guerra.",¿Cómo documenta la Comisión las prácticas de reclutamiento forzado y secuestro como estrategias de guerra?
9,8,9,"El texto explica detalladamente cómo los grupos armados usaron la coerción y la persuasión para imponer normas sociales y de control, contribuyendo a la violencia.",¿Cómo contribuyeron la disciplina interna y las normas de control social de los grupos armados al mantenimiento de la violencia?
6,8,7,"El texto aborda el desplazamiento forzado en general y menciona a comunidades étnicas, pero no se centra específicamente en el impacto sobre comunidades afrocolombianas.",¿Qué impacto tuvo el desplazamiento forzado sobre comunidades afrocolombianas?
9,9,9,"El texto enumera y describe las violaciones a los derechos humanos y al DIH de manera detallada, respondiendo directamente a la pregunta.",¿Cuáles fueron los principales patrones de violaciones a los derechos humanos?
8,8,8,"El texto recuperado aborda la participación privada a través de la parapolítica y alianzas con élites y políticos, aunque de forma general.",¿Cómo participaron las empresas privadas en el conflicto armado?
9,9,9,"El texto aborda claramente el papel del Estado en el conflicto armado, enfocándose en la impunidad y la complicidad.",¿Qué papel jugaron las fuerzas armadas del Estado?
2,7,2,"El texto describe las violaciones de derechos humanos y el DIH investigadas por la Comisión de la Verdad, pero no responde a la pregunta sobre las políticas propuestas para garantizar la no repetición.",¿Qué políticas se propusieron para garantizar la no repetición?
8,9,7,"El texto describe la estructura del informe y cómo aborda las violaciones y responsabilidades, aunque no profundiza directamente en 'verdad y reconciliación' como conceptos explícitos.",¿Cómo se aborda la verdad y la reconciliación en el informe final?
